business_id,name
u7CxxEzx8hvjoJ8onN4zTg,"Pittsburgh International Airport"
S8fBRUmy22aIXqrIsBUStA,"Extended Stay America - Cleveland - Airport - North Olmsted"
JMIXi-_UFWsfsrxFjXpN5Q,"The Flying Scotsman Airport Shuttle"
cMHgw40ldvUBxTYNeZjHQg,"Whisky River at the Airport"
yQab5dxZzgBLTEHCw9V7_w,"Charlotte Douglas International Airport"
fQguRJYXGmYa4mFcpyhHmg,"HYATT house Charlotte  Airport"
YDrUF3oJouXfuECVoBpv-g,"Easirent Edinburgh Airport"
L-EopaWNLjs2KrEgNNXyYw,"Phoenix Four Points Airport Parking"
0nasnxiDSVmFmh7s9sxBAQ,"Sleep Inn Airport - Billy Graham Parkway"
idrN6XWKErG6nKDsEMNbOQ,"Airport Bukhara"
7YIy1tXOor9VCwvaSjuBHg,"TSA Checkpoint T-4 A - Phoenix Sky Harbor International Airport"
JtrOIfm4pIBEZgRIlwI_Jw,"Crowne Plaza Cleveland Airport"
7XgrpRzI2DsOlzjj7ibQpw,"Residence Inn Phoenix Airport"
UddEGVfbnmXxK6t2mXyicQ,"Deer Valley Airport Restaurant"
8kxh-IyRfnG_Ej4v_CD29A,"DoubleTree by Hilton Hotel Toronto Airport"
oDD2qEi6U46fjHX0EqSRZg,"Hilton Garden Inn Toronto Airport West/Mississauga"
R1QsXuxrOylON_bM2yyaZQ,"Motel 6 Pittsburgh Airport"
nrmRGQJvSZLPYevdsNk9zg,"SpringHill Suites Charlotte Airport"
9ChmxJW3VBUKy9tHg7ypHA,"Holiday Inn Cleveland-Airport"
Zahth8-QreH5x4F7M1ewAg,"MainStay Suites Pittsburgh Airport"
-xqMZsrhRp6u0MP84wUsag,"Hilton Toronto Airport Hotel & Suites"
xCR6outQ51G0o3zaCUXDxw,"Park Place Airport Parking"
TIfXGbQj7Np0Eo34FRzmuw,"Charlotte Airport Authority"
ORFJ8onuUtj7s5c3nWNwwQ,"Hilton Edinburgh Airport"
qdktF3_1O7OOre6yMppubQ,"Radisson Hotel Phoenix Airport"
hAo9tNm7VF4bUKTq27jGdw,"Phoenix-Mesa Gateway Airport"
wc283PoGTUyDZAPfMFSwlA,"Park Inn by Radisson Toronto Airport West"
io_sYEYttk1dUE-SK8PyGg,"Hyatt Place Pittsburgh Airport"
ac_IC40nkw7EyxJuhZT7yw,"Airport Express"
u4kN_vUwteOeMnWrOsbd3Q,"Ramada Cleveland Airport West"
OVfc473DO4JlVVftd24lHg,"Extended Stay America - Phoenix - Airport - E. Oak St."
IHKxJ7FTJo2IubBQ6pLp-A,"Phoenix Harbor International Airport"
-5KBZ3UmQzW_PkrjHGMuUg,"Econo Lodge Inn & Suites Airport"
nH1n-Wh-H3TdEA0oZxzPSg,"Wyndham Stuttgart Airport Messe"
Kd2e0VcU1QQlGMZcaqlpHw,"Residence Inn Pittsburgh Airport Coraopolis"
7EesNJFM17Fs33uOS2NNLw,"La Quinta Inn Pittsburgh Airport"
3Sx5-RXJXDl_mHZvHxjiGA,"ibis Stuttgart Airport Messe"
0HB1nsaTM-xlHKxxZzjWzw,"Howard Johnson Cleveland Airport"
v3gSujyy-PB8q9pSqot2Rg,"Sheraton Gateway Hotel in Toronto International Airport"
G9SKln6Wb_6rdVvRzA8QlA,"Mercure Hotel Stuttgart Airport Messe"
foxgWsWxKoaciIzDVbLyOw,"Fairport Harbor Lakefront Park Beach"
RsSXhZnhKsH79uAMbxg9mA,"Airport Gate Cafe & Grill"
IdxT9uesTBjHSqpheabaYg,"Holiday Inn Express Stuttgart Airport"
t60ULpW3oM-mRiy9JMK6vw,"Holiday Inn Montreal Aeroport- Airport"
eUlKbU8xq_Bh0fRusZv8yA,"Courtyard Mississauga-Airport Corporate Centre West"
3eAHGkAJLUSTHYHNSOO4gw,"Airport Auto Center"
VKIAHV6OOq-4w-mEW5B_IQ,"Hampton Inn & Suites Charlotte-Airport"
vW9aLivd4-IorAfStzsHww,"Comfort Inn Airport West"
3stghxsJ7dmFNCzB6cTDMQ,"SpringHill Suites Phoenix Tempe/Airport"
4MERowJUhWBZOoBrzGlo3A,"Scottsdale Airport"
poQbmWrJlA-GlqRv92Z5hQ,"Sleep Inn Airport"
wVr6KBp_iZ015QagT3588Q,"Fairfield Inn & Suites Montreal Airport"
5csmhZB9Pu_Oy0WaZm4qeQ,"Airports Go Karts"
hEOxyQDoaQd_jDH42lgbcg,"Comfort Suites Airport"
DQaX4mtW6WUgqfs-rzktLQ,"Holiday Inn Express & Suites Montreal Airport"
y8xW4Ps3bmVnswKdSdtB3Q,"Hilton Garden Inn - Cleveland Airport"
nfMv23QJ5Y727CTomzKERw,"Hyatt Place Charlotte Airport/Lake Pointe"
dhjfXg8R-npay_zTWy0GKg,"Sandman Signature Toronto Airport Hotel"
yNMjnoPGkkoWxgqaSQBuDA,"Clarion Hotel Airport & Conference Center"
b_gg7MhA4dHUrwHws_F1aQ,"Hampton Inn & Suites Cleveland-Airport/Middleburg Heights"
CAOnmH06liJa74jkK-uZ3A,"La Quinta Inn & Suites Charlotte Airport South"
rcmyfx3bQu4OZEffmr-10A,"Airport Cell Phone Lot 2"
IRJm9ZbQJ8IqoxfX10MR_A,"Burke Lakefront Airport"
0Xf5VcIsqWQTSyV46j1g4Q,"Baymont Inn And Suites Charlotte-Airport"
tcQLYtwAfQWLkciSZ006hg,"Boulder City Municipal Airport"
1gYcUlax8XSqiwpePArofg,"La Quinta Inn Cleveland Airport North"
bxwZrJ58a0NoNI4chLbyAw,"Holiday Inn Toronto-Airport East"
8D2R7acumiJgJXJ5NMF4GA,"Microtel Inn & Suites by Wyndham Charlotte Airport"
DVQj26bX7Vlva2_HUrjbAg,"La Quinta Inn & Suites Charlotte Airport North"
8xQcE8yyn2icpo-lPXf4Dg,"Airport Runway Vista"
QT--1yBePDPLCNJ6fmQOng,"Hilton Garden Inn Charlotte Airport"
QhZxMQxpIO-B0CyRhUxQYw,"Knights Inn Charlotte Airport"
VvbXL_gikacpxvDN62ltYg,"Quality Inn Airport South"
VP1Lflk7Pbw9V0az8GzFqQ,"Holiday Inn Express & Suites Phoenix Airport"
u1EdUimhxn3Bqo-CxtPQMQ,"Extended Stay America - Charlotte - Airport"
wrQgCUGVCE0ofvyF4wWn0g,"Super 8 Charlotte Airport North"
rPeHN1B8FyYzI7GzVFam3w,"TSA @ Las Vegas Airport"
74jg16nLcZjzXBQ7hGSqSg,"Radisson Hotel Cleveland Airport"
tkQxMSCsMooXE6UZ906Fjg,"Sheraton Cleveland Airport Hotel"
tsvTOBHh0JtTU7_d4IruXw,"Four Points by Sheraton Toronto Airport"
JkqPga7QRgioWkWMD6gTCQ,"Sky Harbor International Airport Dog Parks"
m8Nw5AL_0BI_5w7sRWor_g,"Residence Inn Toronto Airport"
4IGaWH9jUYMtP2uHIFEqFQ,"Cleveland Hopkins International Airport - CLE"
yd3mUY6MsFj4hBuhPG9X6g,"A&A Limousine and Airport Services"
6VaeaNoma3zRLsIDrF1Cjg,"Howard Johnson Phoenix Airport/ Downtown Area"
Q7zAceRN94bI-FbSlvpf-g,"La Quinta Inn & Suites Cleveland Airport West"
iihSyIgl_1Kz7QU5s0R7bQ,"La Quinta Inn & Suites Las Vegas Airport N Conv."
HdF7xQ2MtvVrpLkHB8eiiA,"Homewood Suites - Toronto Airport Corporate Center"
ChRbeu-Clqhb47_dQ3dEkA,"TSA Checkpoint T-4 B - Phoenix Sky Harbor International Airport"
gmkiuL_6TdB7uCZqQJ2JKg,"Hampton Inn Pittsburgh-Airport"
BC8nckxDDvKuPdD9NWisEQ,"Sheraton Charlotte Airport Hotel"
m7X4_ziAslrgJK0XS3zU2g,"Courtyard Cleveland Airport North"
tkILLHTZqlsKuS2HhiL5Fg,"Homewood Suites by Hilton Pittsburgh Airport Robinson Mall Area"
pN9FtkDmlafRi8kUDUnN8w,"Microtel Inn & Suites Pittsburgh Airport"
ac7iE3a_QrFJtmiV413_-A,"Hilton Garden Inn Toronto Airport"
J64Yg3hQJXSI-ipnfJUkiw,"Toronto Airport Limo"
4dj9RGOK0OYfQ6HSpB2GzQ,"Airport Grill"
ZYP1NFWMVseKGeWk_fzYJg,"Airport Greens Lighted Practice Range"
tR0CPHmv6rMLClxWexdDng,"TSA Checkpoint T-2 - Phoenix Sky Harbor International Airport"
zNFW6mbNxrqJPaY8K9EizQ,"Courtyard Montreal Airport"
R8r422yjgeAfz2BpezmF-w,"SW Hotel Toronto Airport"
jT4D7LYisuMH-ZdNmfk4nA,"Travelodge Brook Park/Cleveland Airport"
wuszlnfMP1uxldeFaq-GvA,"TSA Checkpoint Central - Cleveland Hopkins International Airport"
8wDHEuRRTpS11VO8rv9IPQ,"Way 2 Go Airport Transportation"
_n3i9KpZg2RQn1bZ8Wd9zg,"TSA Checkpoint South - Cleveland Hopkins International Airport"
NSBiCz9CRowb6uwpC3vZrQ,"Hyatt Regency Pittsburgh International Airport"
1mHcIfWIUO1i6K9st5atdA,"Bliss Restaurant and Bar Hilton Airport Toronto"
Pmzb8SQ1vjib-JUKc9rpTg,"Days Inn Pittsburgh Airport"
jEEawAhe-SY3JwaeywZWeQ,"Crowne Plaza Montreal Airport"
GQN1jjhIbXZy8Tlifb3CiQ,"Inverness Airports Terminal"
9DYs5Qos_nMJTAezCnJdGA,"Scottsdale Airport Autocare"
dQ11s7taakRn8omBUA9isg,"Toronto Airport West Hotel"
JgHSXMQqEiank_qIinmVRQ,"Best Western Airport Inn"
slJeUU_jXJdts1idKn9mGQ,"Hilton Garden Inn Phoenix Airport"
Tc0okkldQiVUOdeocZUV4g,"Pittsburgh Airport Marriott"
gW5GH-AygIbHJFivZ7PBQA,"Holiday Inn Hotel & Suites Pointe-Claire Montreal Airport"
J0f1QBIhXn9ahLuCs0ssdQ,"Best Western Plus Travel Hotel Toronto Airport"
uzahcskei-XtPQ17Mwn-Zw,"Airport Limo Taxi"
ni2m-QoxuCmIKQPFCBGUiw,"Homewood Suites by Hilton Phoenix Airport South"
Z-xgVb4nM42943m2wbBkFw,"Hampton Inn Phoenix Airport"
AhmCLltQ3lLzS7kotgiVOg,"T.G.I FRiDAY'S Pittsburgh International Airport"
BrrQhMmsIHLqraZ1VuJ7Pw,"Wyndham Garden Pittsburgh Airport"
PZPvurihPCG_Dupw8k_PLg,"Super 8 Pittsburgh Airport"
haH3OJfq01UHomh8M3vifg,"Extended Stay America - Phoenix - Airport"
orWh5Pi4vMBqkza2HnMa2Q,"Hampton Inn Toronto Airport Corporate Centre"
UNDMpN1Ef8xaTYT5KDx4wA,"On Time Airport Transportation"
Ga7UBeAUwsohodzynhwYsw,"Residence Inn Montreal Airport"
E3DAy9MesvYbPsT5WokRYg,"Courtyard Pittsburgh Airport"
Ubrk0bhmR3UKcz6RCx60Rw,"Holiday Inn Hotel & Suites Phoenix Airport"
4bkEDLMcuPXez2prIf0enQ,"Holiday Inn Charlotte-Airport Conf Ctr"
70Bti9GmBOv9jN_peapD7w,"Sky Harbor Airport Parking"
Lyq7ULam8T-ZddYLHq4DqA,"Charlotte International Airport Parking"
fXxZFtmcHBj9rFIO-0By3A,"Days Inn Cleveland Airport South"
fBg5xjR1WUXoKtL4EbhQPw,"Courtyard Charlotte Airport"
UmwUz-NcGi6GqgTZJi_Ouw,"Edinburgh Airport"
pxcTHWMod1Li7evIPN0csg,"H & H Transportation and Airport Taxi Shuttle Service"
FIvMNiC48J13A17FMHI7oA,"Airfleet Airport Limo Service"
iG2IGBIuIGVijqT5yxwD9w,"Drury Inn & Suites Phoenix Airport"
ovWk2IN8s1duHKP5sSx15g,"Fairport Family Restaurant"
CQbxcD7b6SjBwk7EOA0PcQ,"Extended Stay America - Pittsburgh - Airport"
FACbuKfug1Ipy4R2lAHZfw,"Holiday Inn Toronto International Airport"
kXlZBJtzG-LrBnXGmrJWtw,"FastTrack Airport  Parking"
7HPPC7IyZFQYCSl4a60qyw,"Hilton Garden Inn Phoenix Airport North"
NFdIlNhZzGfJdWGczrbeew,"Cleveland Airport Taxi Tommy & Car Service"
mQ9sBO4jSO_2W-0_mb_SNA,"PreFlight Airport Parking"
6ZynF8rNenhKwOY5oSM82Q,"Airlift Airport Taxi Service Ltd"
nu0K1tZI7g7VcOiDENiYRg,"Courtyard Cleveland Airport South"
oLIEhMK9FRVHIWEPBg3oAA,"TSA Checkpoint T-4 C - Phoenix Sky Harbor International Airport"
3wKRsBap2QUzKolsKMGrmw,"Pittsburgh Airport Marriott"
ogK70AUNQonMdCS7RFKwHg,"TSA Checkpoint D/E - Charlotte/Douglas International Airport"
pjcaMbhKeSK8VhGhj1Q_lQ,"Rodeway Inn Airport"
nKdONHkJYOQ7GiVP2u6O6Q,"Embassy Suites by Hilton Pittsburgh International Airport"
GVHKrtuaxgUtlcbK4AqGZQ,"Quality Hotel & Suites Airport East"
JDF6Y7EBs8wf6LuydDIoJA,"Holiday Inn Express & Suites Pittsburgh Airport"
jQ7uVW2g5vZkuIg_hRs2SQ,"Charlotte Douglas Airport Food Court"
3kryaEoWVoWf6O7OpG_CxQ,"Toronto Airport Express"
la2bIr5xewfi_JA7PFgbsQ,"Phoenix Airport Museum"
15tpk1N3mU9iyjsFpbnlOQ,"192 Airport Rocket"
ugFB2CZGNEUCsWSho8zs9w,"Hilton Garden Inn Montr√©al Airport"
VqXAnGzkOqEeSamcTQ8Wxg,"Residence Inn Mississauga-Airport Corporate Centre West"
iXJHu80COzyyiwUYPLbJVg,"Best Western Airport Inn & Suites Cleveland"
oLb3-eXUFtCFJl2DuBhcvA,"Hampton Inn & Suites Las Vegas Airport"
UHZXbfPxnAsqBlpbmCSG7Q,"Airport Taxi & Limousine"
3XmaqqVe6VOCR5w6Qs0A3A,"The Westin Bristol Place Toronto Airport"
pQy0_I43wdX9TB2KIssHhA,"Comfort Hotel Airport North"
D_xNKV64LYNl4QcGa2fytQ,"Four Points by Sheraton Pittsburgh Airport"
2gHJ-csflxzezLAi6JQW0w,"Econo Lodge Airport"
q6C2SPqctueWFuPvLKjCbA,"Sheraton Pittsburgh Airport Hotel"
iMC4o_6syWMMWaRI1rN6IA,"Baymont Inn & Suites Tempe Phoenix Airport"
GHB9hgrZDWfyeXQDUrATdA,"Quality Suites Toronto Airport"
CEBJQOhq7zzZv94Fa31T-w,"Henderson Executive Airport"
MnacJ69mthATr8bwImvdTQ,"InnSuites Hotel Tempe/Phoenix Airport"
GKZnWQ_spfnQxM3RFKypAg,"Ramada Plaza Charlotte Airport Hotel and Conference Center"
9EBvrScp_aZncPyXvzT-0g,"Globe Airport Parking"
VwwOBldGAc1xmVeIUKj3Wg,"Sky Harbor International Airport - Terminal 2"
2HlL6EtFN74vXGUhoxri6w,"Comfort Suites Phoenix Airport"
Mtuqu_1qlxzuyrSt-EWdIg,"Travelodge Las Vegas Airport North/Near The Strip"
hJNx2pfhKKLXyp0pKcM4zg,"Phoenix-Deer Valley Municipal Airport"
D6O6mnYElGWPk6iT7tzGwg,"Country Inn & Suites by Carlson - Phoenix airport"
tIPVFcNhqVxNrDRXSX03bQ,"Fairport Marine Museum & Lighthouse"
bgolDYCFSscXthY--xU_jg,"North Las Vegas Airport"
cbLEGyROMNKbOZpEah3seQ,"Hyatt Place Tempe/Phoenix Airport"
9dDdBiLi_56-pq4FH07VUg,"Courtyard Phoenix Airport"
IE5fDmRa-fJBTuY9l4Yh-w,"Best Western Plus Toronto Airport Hotel"
ELa_QtMiLa8_Du6xzYaCug,"Courtyard Toronto Airport"
WiWCtinRtykBC6DCg6w3Fg,"Charlotte Douglas Airport Overlook"
JRuNDBOwKW0H73E5iD_uuw,"Holiday Inn Hotel Pittsburgh-Intl Airport"
uGNB-HnJpGGhWpwYtp_O0w,"Hyatt Place Charlotte Airport/Tyvola Road"
Sp6HBpMfnPGPQy8HODEmzA,"TownePlace Suites Cleveland Airport"
yIoMFpefEVax9hdVbWPnOQ,"Sheraton Phoenix Airport Hotel Tempe"
2qLOnQtWSlTOtkfEFyWScg,"Willard Airport"
-kG0N8sBhBotMbu0KVSPaw,"Toronto Pearson International Airport"
v_jVBK2Xd5nsIc4vEzt7Gg,"TSA Checkpoint Alpha - Dane County Regional Airport"
hch0HKpGxg2bHvgjntOfzA,"Pearson Airport Limousine"
km3q7qnbHnhzRPIpoMfUjQ,"Comfort Inn & Suites Madison - Airport"
u_nRj1082y5nRuFQpQ4zQQ,"Extended Stay America - Phoenix - Airport - Tempe"
mxEXOkK-zji3VfDr1CLFAA,"Pearson Hotel & Conference Centre Toronto Airport"
e-iVRNr4ag9aKOR9j_5ArQ,"Red Roof PLUS+ Pittsburgh South - Airport"
5Z5KW0XXpgcMLZg_WcZ4Ew,"Avis Rent A Car McCarran Airport"
u4Yopn-vhQJqC7BO7aFXxg,"TR Airport Taxi & Shuttle Service"
XKkpN2xn680w-A8H2lhxNw,"Fairfield Inn & Suites Pittsburgh Airport Robinson Township"
nuhx24_a0iySSpAfQe2DAg,"DoubleTree By Hilton Hotel Charlotte Airport"
ECUUMjexmkZTI6pT8G4RxA,"Days Inn Airport - Phoenix"
CZse1HCt1UeLR955oieM6g,"Holiday Inn Express Edinburgh Airport"
UnsOYAx1DvJRh1OxUtEJ1w,"DoubleTree by Hilton Hotel Pittsburgh Airport"
7FFlMoNoIW5W3KgCYqknmQ,"Cleveland Airport Marriott"
ubohTuCR5-Zst2u9N25kxw,"TSA Checkpoint Terminal 1 - D - Mccarran International Airport"
zI15YREq7bHnLSybgM4Itw,"Holiday Inn Hotel & Suites Phoenix Airport North"
HhfYWNqou4_S-C791l4H9Q,"Sheraton Montreal Airport Hotel"
V5vDC3Ml-tDVBq6Jr8EuAA,"Sheraton Toronto Airport Hotel & Conference Centre"
vMW9nrFdRDgGTjY-zQOtug,"Economy Parking Mccarran Intl Airport"
yPPc_6WzJfxAG4ybfheO4A,"Corcoran's Irish Pub - McCarran Airport"
yShv9k-k4_G5KKZSuG8WGA,"Fairfield Inn & Suites Toronto Airport"
ioeee6G--hv07t9HHAOM-A,"Holiday Inn Express Cleveland Airport - Brook Park"
sev_qOhB_0_oPo4Et_gs5A,"Comfort Inn Cleveland Airport"
u9tqgNRDfHc817QDHjk0jw,"Phoenix Howard Johnson Airport Parking"
9JEEcsd-6I2g95Kvf7QQrw,"Candlewood Suites Pittsburgh-Airport"
S4AoACdQHexs4tMiodZiYg,"La Quinta Inn & Suites Las Vegas Airport South"
QpSUvreiuTGDjZ8dMKYDTg,"Four Points by Sheraton Mesa-Gateway Airport"
nYYmAexvXo3A-_HmdkyhNQ,"Airport Cafe Schill"
JmVzAez84dXSxjuol7a_jg,"Westcliff Airport Express"
83mGJa2PVXVo5yN612XbIQ,"Airport Fast Park"
1GcTd5Ii5fgIP2zmcbVPAA,"Aloft Montreal Airport"
XUp2w9flChNLJQgOfIEQoA,"Super 8 Chicago O'Hare Airport"
9snkLH2CozYgjICyqAAGkg,"Ods Airport Shuttle"
X6jE3rB0dE0kVxXQYtS_fg,"Quality Inn Airport"
UYkOUsxYG9BgdzFYAD4h8g,"Double Tree Club Las Vegas Airport"
MygS9ui24_aBuz-1CbG1pQ,"La Quinta Inn Phoenix Sky Harbor Airport"
EQYMqU7_xNNQWoAbOTrt1A,"Courtyard Pittsburgh Airport Settlers Ridge"
Lqe7LsEzPDGkHloU0b-lxQ,"Airport Gate Steak & Grill"
s_5VMtYha5JmrSdEGpCqRw,"Prospect Airport Services"
pZWFWWlQ1KIe9LWGU5gFfg,"Sky Harbor Airport: Military & Veterans Hospitality Room"
WjEtP48eCTevfYYJLVCypQ,"Quality Inn & Suites Airport"
uzm-caQJc0Hd4n9JEW1NGg,"Days Inn Pittsburgh Airport"
b4Kh7Zw0nlM0ewHqoO8w_g,"Holiday Inn Express Hotel Toronto-Airport Area/Dixie Rd"
MNrM4X_yYNGoqggBG_sG1g,"TSA Checkpoint Main - Pittsburgh International Airport"
o07Et1LOvqhVwIsclDhaXA,"NH Stuttgart Airport"
isN2LUODfDA5bxvpAqA0Vw,"Toronto Airport Limo Taxi"
AtLxMvmaIiAIwlHD588CHw,"Homewood Suites by Hilton Charlotte Airport"
2rrxHepFo0tpboNDe3tNgA,"Airport Holiday Payless Rent-A-Car Systems"
42M_1n0do3V7gWbm-SB-qw,"Crowne Plaza Toronto Airport"
dciKn2Otp8nAMi4AurPjsg,"McCarran Airport Terminal 3"
DuNqApk82hjSeF2bJtlZtg,"Blue Sky Airport Parking"
FjnSA6TjSlNXwmkZAibIyQ,"Pit Stop Airport Parking"
EtMhIXoueB3TRxvUnz3xPA,"Best Western Montreal Airport Hotel"
dwQ5sAiFksE4-nEqVIYzEA,"Hampton Inn & Suites - Pittsburgh Airport South/Settlers Ridge"
Iv5uLuPULugH4YG3nyNBcw,"Dane County Regional Airport"
NLH6efo5Ppn0FSEEsADbog,"Porter Airport Lounge"
FaHADZARwnY4yvlvpnsfGA,"McCarran International Airport"
lgjS84GQF5HqoCYV2TWg9A,"Fairfield Inn & Suites Phoenix Airport"
y-p9tYIFPv_dSF_wnj0JGA,"Concord Regional Airport"
pDordxU1DuzYLFkKcVutCA,"Airport INFINITI"
QUzS0rFg4NkBX7TyjnD5jA,"Airport Nissan of Cleveland"
p_KC8_d_MQnfJwgzm6Azdw,"Billy Bishop Toronto City Airport"
_PIxbGyLZONKMI3MV8sR6w,"Red Roof Inn Tempe - Phoenix Airport"
pyHe_lmm_rNlXGgm11FuPw,"Best Western Hotel Stuttgart-Airport Messe"
oXB06WbOJJau7MFoF6UjAA,"Embassy Suites by Hilton- Phoenix Airport"
U8PVRRokfarePmahZtkSVQ,"Travelodge Hotel Toronto Airport"
4HudfLgcMH5WRD68MhvMAw,"Airport Rent A Car"
mruax-1iDdb8GlAKwLy8JQ,"Hotel Indigo Toronto Airport"
99J_T7NS-Wojhl5JVqnSxw,"TSA Checkpoint Terminal 1 - A/B - Mccarran International Airport"
iUVHSJNkt-DOEiYQjI_ovw,"Red Roof Inn Cleveland Airport - Middleburg Heights"
NqVdH_uJB9QIHthJbrXAxg,"SpringHill Suites Pittsburgh Airport"
1RKD5kqYzFcJGor2g6dBMw,"Crowne Plaza Hotel Pittsburgh-Intl Airport"
G6-ChdfKopuiUoX-sRJlpQ,"AirMarino Airport Parking"
Gc-HJ7FQ6_tFBmwZ5Pm-wQ,"Quality Inn Phoenix Airport"
pKk2Lm1mdOuzuEZ21I3d_A,"Quality Inn Pittsburgh Airport"
gqhT9mXyvq92VgTRmJusnQ,"Courtyard by Marriott Phoenix Mesa Gateway Airport"
owwc9Aq6NmK5KcmYj_4PAw,"Toronto Airport Marriott Hotel"
Vmc-TwfL5elOla0ziaT5sg,"Phoenix Airport Marriott"
9TrpkS_SUABoVl6aWfVmug,"Aloft Phoenix-Airport"
6ifzvhFI3Lgv3CNeHV2hsA,"Hampton Inn Phoenix-Airport North"
RwVKndNG5q3j7U_4TJAzGQ,"FastTrack Airport Parking"
SgQdzQZRRPZm-tL2Sa2oRQ,"Charlie Brown's Airport Parking"
JmI9nslLD7KZqRr__Bg6NQ,"Phoenix Sky Harbor International Airport"
yJER2u7aPB3kVm4jV5LVSA,"Hilton Phoenix Airport"
m4lncWtifTQkXub5jUdNzQ,"Crowne Plaza Phoenix Airport"
hRpUQTWEU_VOCfL35liWMQ,"Parkhotel Stuttgart Messe-Airport"
0EIJ6CYmvwEjlv4hcHfm1g,"Montreal Airport Marriott In-Terminal Hotel"
Ha4M8h3QvhyV1NUxgMDfgw,"TownePlace Suites Mississauga-Airport Corporate Centre"
